{
    "camera_matrix": [
        [910.69775391,   0        , 650.06719971],
        [  0        , 910.25915527, 368.46984863],
        [  0.0,   0.0,   1.0]
    ],
    "dist_coeffs": [0.0, 0.0, 0.0, 0.0, 0.0]
}
